round,variant,sample,user_id,elapsed_ms
1,baseline,0,u-0277,3.896300000
1,baseline,1,u-0958,3.788300000
1,baseline,2,u-0086,3.996300000
1,baseline,3,u-0019,3.651600000
1,baseline,4,u-0865,3.760900000
1,baseline,5,u-0625,3.785200000
1,baseline,6,u-0622,3.921300000
1,baseline,7,u-0330,3.955100000
1,baseline,8,u-0073,3.752000000
1,baseline,9,u-0523,3.932500000
1,baseline,10,u-0075,4.023100000
1,baseline,11,u-0784,4.004600000
1,baseline,12,u-0871,3.707700000
1,baseline,13,u-0811,3.862500000
1,baseline,14,u-0050,3.717100000
1,baseline,15,u-0875,3.632800000
1,baseline,16,u-0820,3.752900000
1,baseline,17,u-0217,3.660900000
1,baseline,18,u-0980,3.655300000
1,baseline,19,u-0327,4.161500000
1,baseline,20,u-0354,3.881500000
1,baseline,21,u-0336,3.915900000
1,baseline,22,u-0597,4.195500000
1,baseline,23,u-0860,3.809300000
1,baseline,24,u-0977,3.891300000
1,baseline,25,u-0551,4.162000000
1,baseline,26,u-0114,3.738500000
1,baseline,27,u-0287,4.348200000
1,baseline,28,u-0988,3.809500000
1,baseline,29,u-0804,3.777900000
1,baseline,30,u-0067,3.960000000
1,baseline,31,u-0809,4.090200000
1,baseline,32,u-0576,4.058900000
1,baseline,33,u-0335,4.217200000
1,baseline,34,u-0378,4.170300000
1,baseline,35,u-0712,4.584700000
1,baseline,36,u-0168,3.960200000
1,baseline,37,u-0337,4.068800000
1,baseline,38,u-0705,3.844900000
1,baseline,39,u-0185,3.770100000
1,baseline,40,u-0088,3.668800000
1,baseline,41,u-0585,3.921900000
1,baseline,42,u-0322,4.038400000
1,baseline,43,u-0476,4.037300000
1,baseline,44,u-0663,4.144000000
1,baseline,45,u-0899,3.918500000
1,baseline,46,u-0162,3.899700000
1,baseline,47,u-0314,4.205300000
1,baseline,48,u-0247,3.921800000
1,baseline,49,u-0373,3.806700000
1,baseline,50,u-0692,4.093700000
1,baseline,51,u-0367,4.004700000
1,baseline,52,u-0460,4.104700000
1,baseline,53,u-0692,4.076900000
1,baseline,54,u-0180,3.719100000
1,baseline,55,u-0069,3.555500000
1,baseline,56,u-0127,3.766900000
1,baseline,57,u-0145,3.632900000
1,baseline,58,u-0965,3.568100000
1,baseline,59,u-0745,4.581500000
1,baseline,60,u-0058,4.096500000
1,baseline,61,u-0628,4.112600000
1,baseline,62,u-0345,4.342300000
1,baseline,63,u-0089,3.893400000
1,baseline,64,u-0704,3.887400000
1,baseline,65,u-0903,3.869200000
1,baseline,66,u-0475,3.980500000
1,baseline,67,u-0148,3.913500000
1,baseline,68,u-0536,4.045700000
1,baseline,69,u-0819,3.795600000
1,baseline,70,u-0507,3.862100000
1,baseline,71,u-0404,4.210800000
1,baseline,72,u-0292,3.749300000
1,baseline,73,u-0080,3.735200000
1,baseline,74,u-0577,4.006300000
1,baseline,75,u-0186,3.663600000
1,baseline,76,u-0749,3.821500000
1,baseline,77,u-0070,3.983500000
1,baseline,78,u-0874,4.877400000
1,baseline,79,u-0083,4.272900000
1,baseline,80,u-0884,3.904800000
1,baseline,81,u-0865,3.855300000
1,baseline,82,u-0203,4.205900000
1,baseline,83,u-0239,3.959000000
1,baseline,84,u-0426,4.315100000
1,baseline,85,u-0236,3.944700000
1,baseline,86,u-0451,4.068300000
1,baseline,87,u-0190,3.661700000
1,baseline,88,u-0201,4.021800000
1,baseline,89,u-0662,4.019900000
1,baseline,90,u-0899,3.778000000
1,baseline,91,u-0840,3.837700000
1,baseline,92,u-0226,3.981300000
1,baseline,93,u-0450,4.190500000
1,baseline,94,u-0993,4.014600000
1,baseline,95,u-0859,3.926900000
1,baseline,96,u-0833,4.047100000
1,baseline,97,u-0193,4.649500000
1,baseline,98,u-0073,3.802000000
1,baseline,99,u-0821,3.932300000
1,baseline,100,u-0912,3.830700000
1,baseline,101,u-0356,3.976800000
1,baseline,102,u-0321,4.143800000
1,baseline,103,u-0928,3.823100000
1,baseline,104,u-0679,3.976500000
1,baseline,105,u-0583,4.153700000
1,baseline,106,u-0939,3.734900000
1,baseline,107,u-0022,3.667100000
1,baseline,108,u-0735,4.142500000
1,baseline,109,u-0794,4.037700000
1,baseline,110,u-0937,3.794100000
1,baseline,111,u-0534,4.310000000
1,baseline,112,u-0186,3.936700000
1,baseline,113,u-0692,3.964000000
1,baseline,114,u-0530,3.987900000
1,baseline,115,u-0046,3.646200000
1,baseline,116,u-0851,3.810200000
1,baseline,117,u-0076,4.346700000
1,baseline,118,u-0258,4.244700000
1,baseline,119,u-0432,4.330800000
1,baseline,120,u-0685,4.105800000
1,baseline,121,u-0255,3.807800000
1,baseline,122,u-0257,4.056400000
1,baseline,123,u-0355,4.021200000
1,baseline,124,u-0879,3.819600000
1,baseline,125,u-0712,4.007800000
1,baseline,126,u-0618,4.140700000
1,baseline,127,u-0348,4.198900000
1,baseline,128,u-0108,3.977000000
1,baseline,129,u-0821,3.821900000
1,baseline,130,u-0340,4.101500000
1,baseline,131,u-0536,4.280100000
1,baseline,132,u-0676,4.044400000
1,baseline,133,u-0916,3.767600000
1,baseline,134,u-0690,4.065400000
1,baseline,135,u-0306,4.083600000
1,baseline,136,u-0862,3.890900000
1,baseline,137,u-0591,4.107000000
1,baseline,138,u-0724,4.132500000
1,baseline,139,u-0940,3.962600000
1,baseline,140,u-0889,4.173900000
1,baseline,141,u-0792,3.986900000
1,baseline,142,u-0263,4.690100000
1,baseline,143,u-0122,3.940800000
1,baseline,144,u-0086,3.711200000
1,baseline,145,u-0930,3.713000000
1,baseline,146,u-0474,4.053500000
1,baseline,147,u-0175,3.642100000
1,baseline,148,u-0589,3.872800000
1,baseline,149,u-0958,4.060200000
1,baseline,150,u-0177,4.764500000
1,baseline,151,u-0289,4.389500000
1,baseline,152,u-0850,3.913800000
1,baseline,153,u-0369,3.974000000
1,baseline,154,u-0139,4.065400000
1,baseline,155,u-0853,3.823400000
1,baseline,156,u-0859,3.655000000
1,baseline,157,u-0050,3.903100000
1,baseline,158,u-0716,4.242700000
1,baseline,159,u-0758,3.784700000
1,baseline,160,u-0368,4.089300000
1,baseline,161,u-0016,3.697300000
1,baseline,162,u-0234,4.083000000
1,baseline,163,u-0271,3.927300000
1,baseline,164,u-0319,3.808900000
1,baseline,165,u-0238,3.835400000
1,baseline,166,u-0304,4.444100000
1,baseline,167,u-0813,4.004300000
1,baseline,168,u-0124,3.977300000
1,baseline,169,u-0649,4.048800000
1,baseline,170,u-0429,4.050200000
1,baseline,171,u-0771,3.991600000
1,baseline,172,u-0344,4.054400000
1,baseline,173,u-0295,3.892600000
1,baseline,174,u-0034,3.950400000
1,baseline,175,u-0180,3.986700000
1,baseline,176,u-0273,4.089800000
1,baseline,177,u-0101,4.471300000
1,baseline,178,u-0899,4.138900000
1,baseline,179,u-0386,4.136200000
1,baseline,180,u-0783,3.953000000
1,baseline,181,u-0847,3.858900000
1,baseline,182,u-0534,4.352600000
1,baseline,183,u-0138,4.163100000
1,baseline,184,u-0112,3.940000000
1,baseline,185,u-0762,4.040200000
1,baseline,186,u-0529,4.151400000
1,baseline,187,u-0842,3.923700000
1,baseline,188,u-0161,3.918600000
1,baseline,189,u-0012,3.746300000
1,baseline,190,u-0935,5.662200000
1,baseline,191,u-0243,4.076500000
1,baseline,192,u-0015,3.761200000
1,baseline,193,u-0358,4.122700000
1,baseline,194,u-0836,4.025600000
1,baseline,195,u-0838,3.835800000
1,baseline,196,u-0941,4.260700000
1,baseline,197,u-0026,3.968000000
1,baseline,198,u-0621,4.102800000
1,baseline,199,u-0052,3.660200000
1,baseline,200,u-0350,4.255300000
1,baseline,201,u-0333,4.152200000
1,baseline,202,u-0400,4.029400000
1,baseline,203,u-0538,4.008800000
1,baseline,204,u-0892,3.892700000
1,baseline,205,u-0794,4.242900000
1,baseline,206,u-0329,4.101200000
1,baseline,207,u-0752,4.003100000
1,baseline,208,u-0728,4.424300000
1,baseline,209,u-0147,3.959400000
1,baseline,210,u-0238,3.827600000
1,baseline,211,u-0606,4.122700000
1,baseline,212,u-0702,3.884500000
1,baseline,213,u-0403,4.067000000
1,baseline,214,u-0329,4.042700000
1,baseline,215,u-0596,3.974000000
1,baseline,216,u-0929,3.979700000
1,baseline,217,u-0904,3.729300000
1,baseline,218,u-0946,3.668700000
1,baseline,219,u-0639,4.191300000
1,baseline,220,u-0269,3.895100000
1,baseline,221,u-0799,4.026700000
1,baseline,222,u-0382,4.264900000
1,baseline,223,u-0419,4.225300000
1,baseline,224,u-0784,3.910700000
1,baseline,225,u-0836,3.849200000
1,baseline,226,u-0811,3.995200000
1,baseline,227,u-0285,3.876700000
1,baseline,228,u-0463,4.142400000
1,baseline,229,u-0098,3.664400000
1,baseline,230,u-0640,4.121600000
1,baseline,231,u-0254,4.578100000
1,baseline,232,u-0282,3.801900000
1,baseline,233,u-0924,3.836400000
1,baseline,234,u-0665,4.100200000
1,baseline,235,u-0541,3.919800000
1,baseline,236,u-0153,3.905200000
1,baseline,237,u-0189,4.129600000
1,baseline,238,u-0174,3.826600000
1,baseline,239,u-0546,4.121400000
1,baseline,240,u-0603,4.060000000
1,baseline,241,u-0250,3.828900000
1,baseline,242,u-0673,4.363400000
1,baseline,243,u-0305,3.993900000
1,baseline,244,u-0143,3.736600000
1,baseline,245,u-0487,4.204700000
1,baseline,246,u-0461,4.135500000
1,baseline,247,u-0726,3.824100000
1,baseline,248,u-0700,4.080500000
1,baseline,249,u-0895,3.884600000
1,baseline,250,u-0847,4.098000000
1,baseline,251,u-0258,4.258500000
1,baseline,252,u-0160,3.784400000
1,baseline,253,u-0372,4.283100000
1,baseline,254,u-0229,4.086600000
1,baseline,255,u-0459,4.040900000
1,baseline,256,u-0218,3.902600000
1,baseline,257,u-0785,4.354100000
1,baseline,258,u-0302,4.287500000
1,baseline,259,u-0120,3.963800000
1,baseline,260,u-0937,3.743500000
1,baseline,261,u-0664,4.111000000
1,baseline,262,u-0454,4.165700000
1,baseline,263,u-0531,4.321700000
1,baseline,264,u-0679,4.019300000
1,baseline,265,u-0576,5.269900000
1,baseline,266,u-0881,3.744000000
1,baseline,267,u-0594,3.912900000
1,baseline,268,u-0742,4.240100000
1,baseline,269,u-0602,3.876700000
1,baseline,270,u-0812,3.710100000
1,baseline,271,u-0648,4.167400000
1,baseline,272,u-0260,4.086000000
1,baseline,273,u-0215,4.037000000
1,baseline,274,u-0416,4.386500000
1,baseline,275,u-0056,3.895600000
1,baseline,276,u-0806,3.799800000
1,baseline,277,u-0165,3.961300000
1,baseline,278,u-0807,3.700400000
1,baseline,279,u-0842,3.835200000
1,baseline,280,u-0948,3.696400000
1,baseline,281,u-0294,3.689900000
1,baseline,282,u-0241,3.744200000
1,baseline,283,u-0026,4.094100000
1,baseline,284,u-0665,4.330700000
1,baseline,285,u-0506,3.956800000
1,baseline,286,u-0358,3.763200000
1,baseline,287,u-0955,3.903200000
1,baseline,288,u-0482,4.088100000
1,baseline,289,u-0264,4.079100000
1,baseline,290,u-0041,3.591000000
1,baseline,291,u-0182,3.796900000
1,baseline,292,u-0146,4.134300000
1,baseline,293,u-0844,3.757200000
1,baseline,294,u-0014,3.766400000
1,baseline,295,u-0182,3.689200000
1,baseline,296,u-0213,4.030100000
1,baseline,297,u-0933,3.851100000
1,baseline,298,u-0520,4.035100000
1,baseline,299,u-0186,3.711100000
1,indexed,0,u-0277,0.076800000
1,indexed,1,u-0958,0.066500000
1,indexed,2,u-0086,0.077800000
1,indexed,3,u-0019,0.064600000
1,indexed,4,u-0865,0.079700000
1,indexed,5,u-0625,0.067400000
1,indexed,6,u-0622,0.064700000
1,indexed,7,u-0330,0.065700000
1,indexed,8,u-0073,0.067100000
1,indexed,9,u-0523,0.067200000
1,indexed,10,u-0075,0.064500000
1,indexed,11,u-0784,0.064900000
1,indexed,12,u-0871,0.064800000
1,indexed,13,u-0811,0.170000000
1,indexed,14,u-0050,0.129700000
1,indexed,15,u-0875,0.078600000
1,indexed,16,u-0820,0.073000000
1,indexed,17,u-0217,0.071900000
1,indexed,18,u-0980,0.076300000
1,indexed,19,u-0327,0.071200000
1,indexed,20,u-0354,0.072500000
1,indexed,21,u-0336,0.077300000
1,indexed,22,u-0597,0.070000000
1,indexed,23,u-0860,0.070400000
1,indexed,24,u-0977,0.070200000
1,indexed,25,u-0551,0.067900000
1,indexed,26,u-0114,0.074300000
1,indexed,27,u-0287,0.076700000
1,indexed,28,u-0988,0.075300000
1,indexed,29,u-0804,0.071200000
1,indexed,30,u-0067,0.076300000
1,indexed,31,u-0809,0.069100000
1,indexed,32,u-0576,0.071500000
1,indexed,33,u-0335,0.080200000
1,indexed,34,u-0378,0.074900000
1,indexed,35,u-0712,0.104900000
1,indexed,36,u-0168,0.080800000
1,indexed,37,u-0337,0.075600000
1,indexed,38,u-0705,0.071700000
1,indexed,39,u-0185,0.074100000
1,indexed,40,u-0088,0.073400000
1,indexed,41,u-0585,0.070600000
1,indexed,42,u-0322,0.240300000
1,indexed,43,u-0476,0.073800000
1,indexed,44,u-0663,0.071800000
1,indexed,45,u-0899,0.072600000
1,indexed,46,u-0162,0.075500000
1,indexed,47,u-0314,0.075100000
1,indexed,48,u-0247,0.097500000
1,indexed,49,u-0373,0.073500000
1,indexed,50,u-0692,0.068200000
1,indexed,51,u-0367,0.072500000
1,indexed,52,u-0460,0.085800000
1,indexed,53,u-0692,0.071500000
1,indexed,54,u-0180,0.077000000
1,indexed,55,u-0069,0.072300000
1,indexed,56,u-0127,0.073600000
1,indexed,57,u-0145,0.071500000
1,indexed,58,u-0965,0.070700000
1,indexed,59,u-0745,0.074000000
1,indexed,60,u-0058,0.069600000
1,indexed,61,u-0628,0.071000000
1,indexed,62,u-0345,0.070700000
1,indexed,63,u-0089,0.071300000
1,indexed,64,u-0704,0.069700000
1,indexed,65,u-0903,0.068000000
1,indexed,66,u-0475,0.072100000
1,indexed,67,u-0148,0.074600000
1,indexed,68,u-0536,0.068700000
1,indexed,69,u-0819,0.067300000
1,indexed,70,u-0507,0.070700000
1,indexed,71,u-0404,0.071700000
1,indexed,72,u-0292,0.073400000
1,indexed,73,u-0080,0.095200000
1,indexed,74,u-0577,0.069100000
1,indexed,75,u-0186,0.070800000
1,indexed,76,u-0749,0.066800000
1,indexed,77,u-0070,0.070800000
1,indexed,78,u-0874,0.070200000
1,indexed,79,u-0083,0.073500000
1,indexed,80,u-0884,0.093100000
1,indexed,81,u-0865,0.066900000
1,indexed,82,u-0203,0.077700000
1,indexed,83,u-0239,0.090700000
1,indexed,84,u-0426,0.078900000
1,indexed,85,u-0236,0.074900000
1,indexed,86,u-0451,0.071200000
1,indexed,87,u-0190,0.070600000
1,indexed,88,u-0201,0.073900000
1,indexed,89,u-0662,0.091400000
1,indexed,90,u-0899,0.078800000
1,indexed,91,u-0840,0.069300000
1,indexed,92,u-0226,0.079900000
1,indexed,93,u-0450,0.069200000
1,indexed,94,u-0993,0.075100000
1,indexed,95,u-0859,0.071400000
1,indexed,96,u-0833,0.070700000
1,indexed,97,u-0193,0.073500000
1,indexed,98,u-0073,0.067700000
1,indexed,99,u-0821,0.070800000
1,indexed,100,u-0912,0.071500000
1,indexed,101,u-0356,0.074500000
1,indexed,102,u-0321,0.069800000
1,indexed,103,u-0928,0.075800000
1,indexed,104,u-0679,0.070200000
1,indexed,105,u-0583,0.070300000
1,indexed,106,u-0939,0.067500000
1,indexed,107,u-0022,0.073700000
1,indexed,108,u-0735,0.069300000
1,indexed,109,u-0794,0.084500000
1,indexed,110,u-0937,0.082500000
1,indexed,111,u-0534,0.072200000
1,indexed,112,u-0186,0.069900000
1,indexed,113,u-0692,0.068200000
1,indexed,114,u-0530,0.068700000
1,indexed,115,u-0046,0.072600000
1,indexed,116,u-0851,0.067600000
1,indexed,117,u-0076,0.069700000
1,indexed,118,u-0258,0.076300000
1,indexed,119,u-0432,0.072800000
1,indexed,120,u-0685,0.068000000
1,indexed,121,u-0255,0.071000000
1,indexed,122,u-0257,0.068600000
1,indexed,123,u-0355,0.067100000
1,indexed,124,u-0879,0.079000000
1,indexed,125,u-0712,0.067800000
1,indexed,126,u-0618,0.066100000
1,indexed,127,u-0348,0.073300000
1,indexed,128,u-0108,0.072600000
1,indexed,129,u-0821,0.068300000
1,indexed,130,u-0340,0.071500000
1,indexed,131,u-0536,0.068400000
1,indexed,132,u-0676,0.070300000
1,indexed,133,u-0916,0.067000000
1,indexed,134,u-0690,0.071400000
1,indexed,135,u-0306,0.070100000
1,indexed,136,u-0862,0.066100000
1,indexed,137,u-0591,0.072700000
1,indexed,138,u-0724,0.066300000
1,indexed,139,u-0940,0.070500000
1,indexed,140,u-0889,0.067400000
1,indexed,141,u-0792,0.066000000
1,indexed,142,u-0263,0.065600000
1,indexed,143,u-0122,0.074200000
1,indexed,144,u-0086,0.066100000
1,indexed,145,u-0930,0.073100000
1,indexed,146,u-0474,0.072800000
1,indexed,147,u-0175,0.072300000
1,indexed,148,u-0589,0.065700000
1,indexed,149,u-0958,0.063500000
1,indexed,150,u-0177,0.071400000
1,indexed,151,u-0289,0.069700000
1,indexed,152,u-0850,0.064300000
1,indexed,153,u-0369,0.068200000
1,indexed,154,u-0139,0.070900000
1,indexed,155,u-0853,0.064900000
1,indexed,156,u-0859,0.065200000
1,indexed,157,u-0050,0.064900000
1,indexed,158,u-0716,0.070000000
1,indexed,159,u-0758,0.064900000
1,indexed,160,u-0368,0.064200000
1,indexed,161,u-0016,0.070700000
1,indexed,162,u-0234,0.067600000
1,indexed,163,u-0271,0.068500000
1,indexed,164,u-0319,0.068900000
1,indexed,165,u-0238,0.074600000
1,indexed,166,u-0304,0.073000000
1,indexed,167,u-0813,0.064700000
1,indexed,168,u-0124,0.068600000
1,indexed,169,u-0649,0.066000000
1,indexed,170,u-0429,0.074800000
1,indexed,171,u-0771,0.073000000
1,indexed,172,u-0344,0.071100000
1,indexed,173,u-0295,0.076300000
1,indexed,174,u-0034,0.067400000
1,indexed,175,u-0180,0.066800000
1,indexed,176,u-0273,0.068200000
1,indexed,177,u-0101,0.067800000
1,indexed,178,u-0899,0.066100000
1,indexed,179,u-0386,0.068000000
1,indexed,180,u-0783,0.063400000
1,indexed,181,u-0847,0.069600000
1,indexed,182,u-0534,0.064400000
1,indexed,183,u-0138,0.068200000
1,indexed,184,u-0112,0.067200000
1,indexed,185,u-0762,0.063800000
1,indexed,186,u-0529,0.066600000
1,indexed,187,u-0842,0.065800000
1,indexed,188,u-0161,0.068100000
1,indexed,189,u-0012,0.067000000
1,indexed,190,u-0935,0.067500000
1,indexed,191,u-0243,0.069800000
1,indexed,192,u-0015,0.063900000
1,indexed,193,u-0358,0.068300000
1,indexed,194,u-0836,0.066500000
1,indexed,195,u-0838,0.070600000
1,indexed,196,u-0941,0.071900000
1,indexed,197,u-0026,0.067100000
1,indexed,198,u-0621,0.073100000
1,indexed,199,u-0052,0.067800000
1,indexed,200,u-0350,0.070000000
1,indexed,201,u-0333,0.074900000
1,indexed,202,u-0400,0.073200000
1,indexed,203,u-0538,0.068900000
1,indexed,204,u-0892,0.139500000
1,indexed,205,u-0794,0.070600000
1,indexed,206,u-0329,0.084300000
1,indexed,207,u-0752,0.072700000
1,indexed,208,u-0728,0.067400000
1,indexed,209,u-0147,0.068700000
1,indexed,210,u-0238,0.068700000
1,indexed,211,u-0606,0.068100000
1,indexed,212,u-0702,0.070600000
1,indexed,213,u-0403,0.076300000
1,indexed,214,u-0329,0.067000000
1,indexed,215,u-0596,0.069100000
1,indexed,216,u-0929,0.066200000
1,indexed,217,u-0904,0.069300000
1,indexed,218,u-0946,0.098500000
1,indexed,219,u-0639,0.073400000
1,indexed,220,u-0269,0.074300000
1,indexed,221,u-0799,0.082100000
1,indexed,222,u-0382,0.099400000
1,indexed,223,u-0419,0.076200000
1,indexed,224,u-0784,0.068200000
1,indexed,225,u-0836,0.069100000
1,indexed,226,u-0811,0.067700000
1,indexed,227,u-0285,0.072200000
1,indexed,228,u-0463,0.077900000
1,indexed,229,u-0098,0.074800000
1,indexed,230,u-0640,0.068600000
1,indexed,231,u-0254,0.070800000
1,indexed,232,u-0282,0.073200000
1,indexed,233,u-0924,0.073900000
1,indexed,234,u-0665,0.074500000
1,indexed,235,u-0541,0.068900000
1,indexed,236,u-0153,0.072700000
1,indexed,237,u-0189,0.067800000
1,indexed,238,u-0174,0.066700000
1,indexed,239,u-0546,0.066700000
1,indexed,240,u-0603,0.068700000
1,indexed,241,u-0250,0.071300000
1,indexed,242,u-0673,0.068300000
1,indexed,243,u-0305,0.068700000
1,indexed,244,u-0143,0.072400000
1,indexed,245,u-0487,0.069600000
1,indexed,246,u-0461,0.063200000
1,indexed,247,u-0726,0.077300000
1,indexed,248,u-0700,0.064200000
1,indexed,249,u-0895,0.069300000
1,indexed,250,u-0847,0.070700000
1,indexed,251,u-0258,0.063900000
1,indexed,252,u-0160,0.064600000
1,indexed,253,u-0372,0.067200000
1,indexed,254,u-0229,0.071100000
1,indexed,255,u-0459,0.075300000
1,indexed,256,u-0218,0.076700000
1,indexed,257,u-0785,0.075200000
1,indexed,258,u-0302,0.070600000
1,indexed,259,u-0120,0.072900000
1,indexed,260,u-0937,0.071200000
1,indexed,261,u-0664,0.066400000
1,indexed,262,u-0454,0.076700000
1,indexed,263,u-0531,0.068500000
1,indexed,264,u-0679,0.091200000
1,indexed,265,u-0576,0.071900000
1,indexed,266,u-0881,0.072000000
1,indexed,267,u-0594,0.068900000
1,indexed,268,u-0742,0.073100000
1,indexed,269,u-0602,0.074600000
1,indexed,270,u-0812,0.068900000
1,indexed,271,u-0648,0.068400000
1,indexed,272,u-0260,0.071900000
1,indexed,273,u-0215,0.072800000
1,indexed,274,u-0416,0.078200000
1,indexed,275,u-0056,0.073300000
1,indexed,276,u-0806,0.069600000
1,indexed,277,u-0165,0.069800000
1,indexed,278,u-0807,0.071000000
1,indexed,279,u-0842,0.066900000
1,indexed,280,u-0948,0.068100000
1,indexed,281,u-0294,0.068200000
1,indexed,282,u-0241,0.074000000
1,indexed,283,u-0026,0.065100000
1,indexed,284,u-0665,0.064800000
1,indexed,285,u-0506,0.063600000
1,indexed,286,u-0358,0.064300000
1,indexed,287,u-0955,0.068200000
1,indexed,288,u-0482,0.076100000
1,indexed,289,u-0264,0.067000000
1,indexed,290,u-0041,0.069200000
1,indexed,291,u-0182,0.071300000
1,indexed,292,u-0146,0.068200000
1,indexed,293,u-0844,0.073500000
1,indexed,294,u-0014,0.077100000
1,indexed,295,u-0182,0.074300000
1,indexed,296,u-0213,0.077100000
1,indexed,297,u-0933,0.070700000
1,indexed,298,u-0520,0.064600000
1,indexed,299,u-0186,0.065500000
2,indexed,0,u-0277,0.066900000
2,indexed,1,u-0958,0.064400000
2,indexed,2,u-0086,0.064400000
2,indexed,3,u-0019,0.064700000
2,indexed,4,u-0865,0.063400000
2,indexed,5,u-0625,0.063100000
2,indexed,6,u-0622,0.062200000
2,indexed,7,u-0330,0.063700000
2,indexed,8,u-0073,0.065100000
2,indexed,9,u-0523,0.067600000
2,indexed,10,u-0075,0.064000000
2,indexed,11,u-0784,0.065800000
2,indexed,12,u-0871,0.064500000
2,indexed,13,u-0811,0.064100000
2,indexed,14,u-0050,0.062800000
2,indexed,15,u-0875,0.070100000
2,indexed,16,u-0820,0.062800000
2,indexed,17,u-0217,0.064600000
2,indexed,18,u-0980,0.063400000
2,indexed,19,u-0327,0.062700000
2,indexed,20,u-0354,0.063600000
2,indexed,21,u-0336,0.062100000
2,indexed,22,u-0597,0.065100000
2,indexed,23,u-0860,0.064200000
2,indexed,24,u-0977,0.064500000
2,indexed,25,u-0551,0.062300000
2,indexed,26,u-0114,0.063600000
2,indexed,27,u-0287,0.076900000
2,indexed,28,u-0988,0.063800000
2,indexed,29,u-0804,0.063400000
2,indexed,30,u-0067,0.068800000
2,indexed,31,u-0809,0.071100000
2,indexed,32,u-0576,0.070100000
2,indexed,33,u-0335,0.067800000
2,indexed,34,u-0378,0.068100000
2,indexed,35,u-0712,0.067400000
2,indexed,36,u-0168,0.130000000
2,indexed,37,u-0337,0.065700000
2,indexed,38,u-0705,0.067000000
2,indexed,39,u-0185,0.083600000
2,indexed,40,u-0088,0.069300000
2,indexed,41,u-0585,0.062700000
2,indexed,42,u-0322,0.064900000
2,indexed,43,u-0476,0.064100000
2,indexed,44,u-0663,0.063100000
2,indexed,45,u-0899,0.063300000
2,indexed,46,u-0162,0.063100000
2,indexed,47,u-0314,0.064700000
2,indexed,48,u-0247,0.069900000
2,indexed,49,u-0373,0.066400000
2,indexed,50,u-0692,0.063700000
2,indexed,51,u-0367,0.063700000
2,indexed,52,u-0460,0.064100000
2,indexed,53,u-0692,0.063300000
2,indexed,54,u-0180,0.110200000
2,indexed,55,u-0069,0.070600000
2,indexed,56,u-0127,0.064400000
2,indexed,57,u-0145,0.065300000
2,indexed,58,u-0965,0.065300000
2,indexed,59,u-0745,0.063700000
2,indexed,60,u-0058,0.064000000
2,indexed,61,u-0628,0.064200000
2,indexed,62,u-0345,0.064000000
2,indexed,63,u-0089,0.063900000
2,indexed,64,u-0704,0.063600000
2,indexed,65,u-0903,0.072700000
2,indexed,66,u-0475,0.062700000
2,indexed,67,u-0148,0.064200000
2,indexed,68,u-0536,0.062300000
2,indexed,69,u-0819,0.063200000
2,indexed,70,u-0507,0.063700000
2,indexed,71,u-0404,0.063500000
2,indexed,72,u-0292,0.063600000
2,indexed,73,u-0080,0.065800000
2,indexed,74,u-0577,0.063800000
2,indexed,75,u-0186,0.064300000
2,indexed,76,u-0749,0.063300000
2,indexed,77,u-0070,0.063900000
2,indexed,78,u-0874,0.063000000
2,indexed,79,u-0083,0.063200000
2,indexed,80,u-0884,0.074200000
2,indexed,81,u-0865,0.063100000
2,indexed,82,u-0203,0.065400000
2,indexed,83,u-0239,0.062900000
2,indexed,84,u-0426,0.063200000
2,indexed,85,u-0236,0.063100000
2,indexed,86,u-0451,0.247300000
2,indexed,87,u-0190,0.079400000
2,indexed,88,u-0201,0.074400000
2,indexed,89,u-0662,0.072500000
2,indexed,90,u-0899,0.071400000
2,indexed,91,u-0840,0.070800000
2,indexed,92,u-0226,0.070300000
2,indexed,93,u-0450,0.069800000
2,indexed,94,u-0993,0.074400000
2,indexed,95,u-0859,0.066300000
2,indexed,96,u-0833,0.072800000
2,indexed,97,u-0193,0.079400000
2,indexed,98,u-0073,0.064100000
2,indexed,99,u-0821,0.094400000
2,indexed,100,u-0912,0.066700000
2,indexed,101,u-0356,0.064000000
2,indexed,102,u-0321,0.065000000
2,indexed,103,u-0928,0.074400000
2,indexed,104,u-0679,0.069100000
2,indexed,105,u-0583,0.068300000
2,indexed,106,u-0939,0.068800000
2,indexed,107,u-0022,0.067700000
2,indexed,108,u-0735,0.073000000
2,indexed,109,u-0794,0.067400000
2,indexed,110,u-0937,0.082300000
2,indexed,111,u-0534,0.070700000
2,indexed,112,u-0186,0.068900000
2,indexed,113,u-0692,0.069100000
2,indexed,114,u-0530,0.097500000
2,indexed,115,u-0046,0.073900000
2,indexed,116,u-0851,0.068800000
2,indexed,117,u-0076,0.067800000
2,indexed,118,u-0258,0.094200000
2,indexed,119,u-0432,0.068100000
2,indexed,120,u-0685,0.071600000
2,indexed,121,u-0255,0.128300000
2,indexed,122,u-0257,0.081300000
2,indexed,123,u-0355,0.102600000
2,indexed,124,u-0879,0.101000000
2,indexed,125,u-0712,0.075400000
2,indexed,126,u-0618,0.167100000
2,indexed,127,u-0348,0.102500000
2,indexed,128,u-0108,0.074400000
2,indexed,129,u-0821,0.074100000
2,indexed,130,u-0340,0.075900000
2,indexed,131,u-0536,0.067900000
2,indexed,132,u-0676,0.070600000
2,indexed,133,u-0916,0.072500000
2,indexed,134,u-0690,0.074300000
2,indexed,135,u-0306,0.075600000
2,indexed,136,u-0862,0.068200000
2,indexed,137,u-0591,0.068600000
2,indexed,138,u-0724,0.069100000
2,indexed,139,u-0940,0.074100000
2,indexed,140,u-0889,0.071400000
2,indexed,141,u-0792,0.068800000
2,indexed,142,u-0263,0.069100000
2,indexed,143,u-0122,0.079300000
2,indexed,144,u-0086,0.077400000
2,indexed,145,u-0930,0.067900000
2,indexed,146,u-0474,0.067600000
2,indexed,147,u-0175,0.075200000
2,indexed,148,u-0589,0.066900000
2,indexed,149,u-0958,0.073100000
2,indexed,150,u-0177,0.066700000
2,indexed,151,u-0289,0.066700000
2,indexed,152,u-0850,0.068000000
2,indexed,153,u-0369,0.067400000
2,indexed,154,u-0139,0.067900000
2,indexed,155,u-0853,0.066700000
2,indexed,156,u-0859,0.069700000
2,indexed,157,u-0050,0.067000000
2,indexed,158,u-0716,0.066200000
2,indexed,159,u-0758,0.066200000
2,indexed,160,u-0368,0.066800000
2,indexed,161,u-0016,0.066500000
2,indexed,162,u-0234,0.079300000
2,indexed,163,u-0271,0.067000000
2,indexed,164,u-0319,0.067800000
2,indexed,165,u-0238,0.066900000
2,indexed,166,u-0304,0.067200000
2,indexed,167,u-0813,0.069000000
2,indexed,168,u-0124,0.067600000
2,indexed,169,u-0649,0.065600000
2,indexed,170,u-0429,0.066700000
2,indexed,171,u-0771,0.067000000
2,indexed,172,u-0344,0.067700000
2,indexed,173,u-0295,0.068500000
2,indexed,174,u-0034,0.066700000
2,indexed,175,u-0180,0.069300000
2,indexed,176,u-0273,0.067200000
2,indexed,177,u-0101,0.067100000
2,indexed,178,u-0899,0.070000000
2,indexed,179,u-0386,0.068600000
2,indexed,180,u-0783,0.068300000
2,indexed,181,u-0847,0.067600000
2,indexed,182,u-0534,0.067200000
2,indexed,183,u-0138,0.067100000
2,indexed,184,u-0112,0.196200000
2,indexed,185,u-0762,0.069800000
2,indexed,186,u-0529,0.068400000
2,indexed,187,u-0842,0.068000000
2,indexed,188,u-0161,0.069200000
2,indexed,189,u-0012,0.066800000
2,indexed,190,u-0935,0.069600000
2,indexed,191,u-0243,0.067400000
2,indexed,192,u-0015,0.068900000
2,indexed,193,u-0358,0.067400000
2,indexed,194,u-0836,0.066600000
2,indexed,195,u-0838,0.067400000
2,indexed,196,u-0941,0.066600000
2,indexed,197,u-0026,0.068600000
2,indexed,198,u-0621,0.067500000
2,indexed,199,u-0052,0.066100000
2,indexed,200,u-0350,0.074100000
2,indexed,201,u-0333,0.068100000
2,indexed,202,u-0400,0.067400000
2,indexed,203,u-0538,0.077900000
2,indexed,204,u-0892,0.070100000
2,indexed,205,u-0794,0.065700000
2,indexed,206,u-0329,0.075000000
2,indexed,207,u-0752,0.071000000
2,indexed,208,u-0728,0.068000000
2,indexed,209,u-0147,0.068900000
2,indexed,210,u-0238,0.069400000
2,indexed,211,u-0606,0.066800000
2,indexed,212,u-0702,0.069400000
2,indexed,213,u-0403,0.066600000
2,indexed,214,u-0329,0.068100000
2,indexed,215,u-0596,0.068100000
2,indexed,216,u-0929,0.067100000
2,indexed,217,u-0904,0.066700000
2,indexed,218,u-0946,0.066400000
2,indexed,219,u-0639,0.068000000
2,indexed,220,u-0269,0.066800000
2,indexed,221,u-0799,0.070100000
2,indexed,222,u-0382,0.077500000
2,indexed,223,u-0419,0.090600000
2,indexed,224,u-0784,0.065600000
2,indexed,225,u-0836,0.062800000
2,indexed,226,u-0811,0.063700000
2,indexed,227,u-0285,0.065000000
2,indexed,228,u-0463,0.064800000
2,indexed,229,u-0098,0.064400000
2,indexed,230,u-0640,0.063600000
2,indexed,231,u-0254,0.064000000
2,indexed,232,u-0282,0.064500000
2,indexed,233,u-0924,0.063500000
2,indexed,234,u-0665,0.063900000
2,indexed,235,u-0541,0.083500000
2,indexed,236,u-0153,0.065200000
2,indexed,237,u-0189,0.066100000
2,indexed,238,u-0174,0.063400000
2,indexed,239,u-0546,0.066500000
2,indexed,240,u-0603,0.065100000
2,indexed,241,u-0250,0.063400000
2,indexed,242,u-0673,0.065500000
2,indexed,243,u-0305,0.063000000
2,indexed,244,u-0143,0.075500000
2,indexed,245,u-0487,0.065700000
2,indexed,246,u-0461,0.062700000
2,indexed,247,u-0726,0.064500000
2,indexed,248,u-0700,0.064400000
2,indexed,249,u-0895,0.065000000
2,indexed,250,u-0847,0.062600000
2,indexed,251,u-0258,0.064400000
2,indexed,252,u-0160,0.063300000
2,indexed,253,u-0372,0.064300000
2,indexed,254,u-0229,0.062700000
2,indexed,255,u-0459,0.069300000
2,indexed,256,u-0218,0.063900000
2,indexed,257,u-0785,0.065900000
2,indexed,258,u-0302,0.062400000
2,indexed,259,u-0120,0.063100000
2,indexed,260,u-0937,0.064100000
2,indexed,261,u-0664,0.069400000
2,indexed,262,u-0454,0.066300000
2,indexed,263,u-0531,0.063300000
2,indexed,264,u-0679,0.064700000
2,indexed,265,u-0576,0.069600000
2,indexed,266,u-0881,0.063300000
2,indexed,267,u-0594,0.064600000
2,indexed,268,u-0742,0.063400000
2,indexed,269,u-0602,0.064100000
2,indexed,270,u-0812,0.064500000
2,indexed,271,u-0648,0.063400000
2,indexed,272,u-0260,0.064100000
2,indexed,273,u-0215,0.063500000
2,indexed,274,u-0416,0.065400000
2,indexed,275,u-0056,0.063200000
2,indexed,276,u-0806,0.064300000
2,indexed,277,u-0165,0.063500000
2,indexed,278,u-0807,0.063200000
2,indexed,279,u-0842,0.062300000
2,indexed,280,u-0948,0.065500000
2,indexed,281,u-0294,0.064200000
2,indexed,282,u-0241,0.064100000
2,indexed,283,u-0026,0.062400000
2,indexed,284,u-0665,0.063300000
2,indexed,285,u-0506,0.073900000
2,indexed,286,u-0358,0.062900000
2,indexed,287,u-0955,0.064300000
2,indexed,288,u-0482,0.062800000
2,indexed,289,u-0264,0.062800000
2,indexed,290,u-0041,0.063800000
2,indexed,291,u-0182,0.064800000
2,indexed,292,u-0146,0.063500000
2,indexed,293,u-0844,0.062900000
2,indexed,294,u-0014,0.063600000
2,indexed,295,u-0182,0.062900000
2,indexed,296,u-0213,0.067500000
2,indexed,297,u-0933,0.066600000
2,indexed,298,u-0520,0.063700000
2,indexed,299,u-0186,0.063700000
2,baseline,0,u-0277,3.705000000
2,baseline,1,u-0958,3.638900000
2,baseline,2,u-0086,3.971700000
2,baseline,3,u-0019,3.670500000
2,baseline,4,u-0865,3.626400000
2,baseline,5,u-0625,4.157700000
2,baseline,6,u-0622,4.003100000
2,baseline,7,u-0330,3.860500000
2,baseline,8,u-0073,3.822000000
2,baseline,9,u-0523,4.312500000
2,baseline,10,u-0075,3.852800000
2,baseline,11,u-0784,4.196800000
2,baseline,12,u-0871,3.939100000
2,baseline,13,u-0811,4.069300000
2,baseline,14,u-0050,3.757600000
2,baseline,15,u-0875,3.638200000
2,baseline,16,u-0820,3.759400000
2,baseline,17,u-0217,3.915700000
2,baseline,18,u-0980,3.586400000
2,baseline,19,u-0327,3.816500000
2,baseline,20,u-0354,4.106300000
2,baseline,21,u-0336,4.106800000
2,baseline,22,u-0597,4.040900000
2,baseline,23,u-0860,4.015800000
2,baseline,24,u-0977,3.723500000
2,baseline,25,u-0551,4.062300000
2,baseline,26,u-0114,4.060400000
2,baseline,27,u-0287,4.041200000
2,baseline,28,u-0988,3.923300000
2,baseline,29,u-0804,4.111900000
2,baseline,30,u-0067,3.789200000
2,baseline,31,u-0809,3.772500000
2,baseline,32,u-0576,4.279100000
2,baseline,33,u-0335,4.075000000
2,baseline,34,u-0378,4.134900000
2,baseline,35,u-0712,4.112800000
2,baseline,36,u-0168,3.923600000
2,baseline,37,u-0337,4.031900000
2,baseline,38,u-0705,4.172600000
2,baseline,39,u-0185,3.847600000
2,baseline,40,u-0088,3.984500000
2,baseline,41,u-0585,4.326700000
2,baseline,42,u-0322,3.962400000
2,baseline,43,u-0476,4.460600000
2,baseline,44,u-0663,4.092800000
2,baseline,45,u-0899,3.987700000
2,baseline,46,u-0162,3.941500000
2,baseline,47,u-0314,4.107000000
2,baseline,48,u-0247,4.079100000
2,baseline,49,u-0373,4.049000000
2,baseline,50,u-0692,3.947200000
2,baseline,51,u-0367,3.960900000
2,baseline,52,u-0460,4.503800000
2,baseline,53,u-0692,4.159600000
2,baseline,54,u-0180,3.856900000
2,baseline,55,u-0069,3.892900000
2,baseline,56,u-0127,3.803000000
2,baseline,57,u-0145,3.772500000
2,baseline,58,u-0965,3.820500000
2,baseline,59,u-0745,4.068200000
2,baseline,60,u-0058,4.007000000
2,baseline,61,u-0628,4.125600000
2,baseline,62,u-0345,3.957200000
2,baseline,63,u-0089,3.867600000
2,baseline,64,u-0704,4.020700000
2,baseline,65,u-0903,3.651600000
2,baseline,66,u-0475,3.984000000
2,baseline,67,u-0148,4.121300000
2,baseline,68,u-0536,4.050900000
2,baseline,69,u-0819,3.801200000
2,baseline,70,u-0507,4.038400000
2,baseline,71,u-0404,3.930100000
2,baseline,72,u-0292,3.802600000
2,baseline,73,u-0080,3.870100000
2,baseline,74,u-0577,3.958500000
2,baseline,75,u-0186,4.025300000
2,baseline,76,u-0749,4.006200000
2,baseline,77,u-0070,3.914300000
2,baseline,78,u-0874,4.027400000
2,baseline,79,u-0083,3.769700000
2,baseline,80,u-0884,3.971300000
2,baseline,81,u-0865,3.856200000
2,baseline,82,u-0203,3.829600000
2,baseline,83,u-0239,3.791300000
2,baseline,84,u-0426,4.368800000
2,baseline,85,u-0236,3.932800000
2,baseline,86,u-0451,4.229500000
2,baseline,87,u-0190,3.931000000
2,baseline,88,u-0201,3.832900000
2,baseline,89,u-0662,3.928100000
2,baseline,90,u-0899,3.981000000
2,baseline,91,u-0840,3.865400000
2,baseline,92,u-0226,3.896500000
2,baseline,93,u-0450,4.470700000
2,baseline,94,u-0993,3.808800000
2,baseline,95,u-0859,3.787000000
2,baseline,96,u-0833,4.129400000
2,baseline,97,u-0193,3.810400000
2,baseline,98,u-0073,3.981000000
2,baseline,99,u-0821,4.168900000
2,baseline,100,u-0912,4.088000000
2,baseline,101,u-0356,4.437300000
2,baseline,102,u-0321,4.525500000
2,baseline,103,u-0928,3.976900000
2,baseline,104,u-0679,4.299700000
2,baseline,105,u-0583,4.398500000
2,baseline,106,u-0939,4.079000000
2,baseline,107,u-0022,4.213700000
2,baseline,108,u-0735,4.088400000
2,baseline,109,u-0794,3.960600000
2,baseline,110,u-0937,3.944900000
2,baseline,111,u-0534,4.195400000
2,baseline,112,u-0186,4.032700000
2,baseline,113,u-0692,4.103700000
2,baseline,114,u-0530,4.164400000
2,baseline,115,u-0046,4.011600000
2,baseline,116,u-0851,4.231400000
2,baseline,117,u-0076,4.269200000
2,baseline,118,u-0258,4.194700000
2,baseline,119,u-0432,4.368700000
2,baseline,120,u-0685,4.551800000
2,baseline,121,u-0255,4.479100000
2,baseline,122,u-0257,4.461000000
2,baseline,123,u-0355,4.630400000
2,baseline,124,u-0879,4.648000000
2,baseline,125,u-0712,4.426500000
2,baseline,126,u-0618,4.925800000
2,baseline,127,u-0348,4.562500000
2,baseline,128,u-0108,4.338500000
2,baseline,129,u-0821,4.113600000
2,baseline,130,u-0340,4.505500000
2,baseline,131,u-0536,4.480300000
2,baseline,132,u-0676,4.227800000
2,baseline,133,u-0916,3.973600000
2,baseline,134,u-0690,4.324700000
2,baseline,135,u-0306,4.267500000
2,baseline,136,u-0862,4.063600000
2,baseline,137,u-0591,4.449500000
2,baseline,138,u-0724,4.058600000
2,baseline,139,u-0940,3.946800000
2,baseline,140,u-0889,4.069800000
2,baseline,141,u-0792,4.178500000
2,baseline,142,u-0263,4.105800000
2,baseline,143,u-0122,4.023800000
2,baseline,144,u-0086,3.822900000
2,baseline,145,u-0930,4.062400000
2,baseline,146,u-0474,4.342100000
2,baseline,147,u-0175,4.000800000
2,baseline,148,u-0589,4.468800000
2,baseline,149,u-0958,4.248800000
2,baseline,150,u-0177,3.953300000
2,baseline,151,u-0289,4.239000000
2,baseline,152,u-0850,3.919200000
2,baseline,153,u-0369,4.165200000
2,baseline,154,u-0139,4.024600000
2,baseline,155,u-0853,3.911800000
2,baseline,156,u-0859,3.853100000
2,baseline,157,u-0050,3.860800000
2,baseline,158,u-0716,3.917100000
2,baseline,159,u-0758,3.835500000
2,baseline,160,u-0368,4.151800000
2,baseline,161,u-0016,4.020300000
2,baseline,162,u-0234,5.785200000
2,baseline,163,u-0271,4.403500000
2,baseline,164,u-0319,4.283900000
2,baseline,165,u-0238,3.977900000
2,baseline,166,u-0304,4.002600000
2,baseline,167,u-0813,3.865500000
2,baseline,168,u-0124,4.007100000
2,baseline,169,u-0649,4.289300000
2,baseline,170,u-0429,4.239400000
2,baseline,171,u-0771,4.130700000
2,baseline,172,u-0344,4.217200000
2,baseline,173,u-0295,3.996200000
2,baseline,174,u-0034,3.822500000
2,baseline,175,u-0180,3.976900000
2,baseline,176,u-0273,4.001100000
2,baseline,177,u-0101,3.909000000
2,baseline,178,u-0899,4.136200000
2,baseline,179,u-0386,4.281300000
2,baseline,180,u-0783,4.034500000
2,baseline,181,u-0847,3.941000000
2,baseline,182,u-0534,4.083900000
2,baseline,183,u-0138,3.914700000
2,baseline,184,u-0112,4.065800000
2,baseline,185,u-0762,4.094900000
2,baseline,186,u-0529,4.234900000
2,baseline,187,u-0842,4.085700000
2,baseline,188,u-0161,3.973400000
2,baseline,189,u-0012,3.846800000
2,baseline,190,u-0935,3.862300000
2,baseline,191,u-0243,4.051100000
2,baseline,192,u-0015,3.802500000
2,baseline,193,u-0358,4.098000000
2,baseline,194,u-0836,3.962500000
2,baseline,195,u-0838,4.008100000
2,baseline,196,u-0941,3.803100000
2,baseline,197,u-0026,3.735200000
2,baseline,198,u-0621,4.146100000
2,baseline,199,u-0052,3.779700000
2,baseline,200,u-0350,3.999100000
2,baseline,201,u-0333,4.512200000
2,baseline,202,u-0400,4.370500000
2,baseline,203,u-0538,4.003000000
2,baseline,204,u-0892,4.458100000
2,baseline,205,u-0794,4.039000000
2,baseline,206,u-0329,4.012100000
2,baseline,207,u-0752,5.400500000
2,baseline,208,u-0728,4.013100000
2,baseline,209,u-0147,3.950400000
2,baseline,210,u-0238,4.225600000
2,baseline,211,u-0606,4.261000000
2,baseline,212,u-0702,4.464800000
2,baseline,213,u-0403,4.536800000
2,baseline,214,u-0329,4.361200000
2,baseline,215,u-0596,4.603200000
2,baseline,216,u-0929,4.544800000
2,baseline,217,u-0904,4.202600000
2,baseline,218,u-0946,4.551800000
2,baseline,219,u-0639,4.292100000
2,baseline,220,u-0269,4.731300000
2,baseline,221,u-0799,4.490300000
2,baseline,222,u-0382,4.408000000
2,baseline,223,u-0419,4.325400000
2,baseline,224,u-0784,4.199100000
2,baseline,225,u-0836,4.138000000
2,baseline,226,u-0811,4.474600000
2,baseline,227,u-0285,4.257100000
2,baseline,228,u-0463,4.521100000
2,baseline,229,u-0098,4.276600000
2,baseline,230,u-0640,4.227400000
2,baseline,231,u-0254,4.361500000
2,baseline,232,u-0282,4.144400000
2,baseline,233,u-0924,3.909600000
2,baseline,234,u-0665,4.368400000
2,baseline,235,u-0541,4.783800000
2,baseline,236,u-0153,4.161400000
2,baseline,237,u-0189,4.242300000
2,baseline,238,u-0174,4.161600000
2,baseline,239,u-0546,4.338100000
2,baseline,240,u-0603,4.256000000
2,baseline,241,u-0250,4.092100000
2,baseline,242,u-0673,4.401500000
2,baseline,243,u-0305,4.305700000
2,baseline,244,u-0143,3.978600000
2,baseline,245,u-0487,4.372700000
2,baseline,246,u-0461,4.391400000
2,baseline,247,u-0726,4.132600000
2,baseline,248,u-0700,4.082800000
2,baseline,249,u-0895,4.014400000
2,baseline,250,u-0847,4.062200000
2,baseline,251,u-0258,4.160900000
2,baseline,252,u-0160,3.913600000
2,baseline,253,u-0372,4.705500000
2,baseline,254,u-0229,4.305100000
2,baseline,255,u-0459,4.417800000
2,baseline,256,u-0218,4.293000000
2,baseline,257,u-0785,4.517100000
2,baseline,258,u-0302,4.404500000
2,baseline,259,u-0120,4.196700000
2,baseline,260,u-0937,3.901900000
2,baseline,261,u-0664,4.750500000
2,baseline,262,u-0454,4.394000000
2,baseline,263,u-0531,4.234800000
2,baseline,264,u-0679,4.306400000
2,baseline,265,u-0576,4.299500000
2,baseline,266,u-0881,4.035200000
2,baseline,267,u-0594,4.342200000
2,baseline,268,u-0742,4.652800000
2,baseline,269,u-0602,4.285800000
2,baseline,270,u-0812,4.348300000
2,baseline,271,u-0648,4.629600000
2,baseline,272,u-0260,4.207700000
2,baseline,273,u-0215,4.121500000
2,baseline,274,u-0416,4.227000000
2,baseline,275,u-0056,4.077900000
2,baseline,276,u-0806,4.465800000
2,baseline,277,u-0165,4.005100000
2,baseline,278,u-0807,4.035600000
2,baseline,279,u-0842,4.469200000
2,baseline,280,u-0948,4.100300000
2,baseline,281,u-0294,4.406000000
2,baseline,282,u-0241,4.573200000
2,baseline,283,u-0026,4.539300000
2,baseline,284,u-0665,4.506000000
2,baseline,285,u-0506,4.705400000
2,baseline,286,u-0358,4.323900000
2,baseline,287,u-0955,3.857800000
2,baseline,288,u-0482,4.167900000
2,baseline,289,u-0264,4.168700000
2,baseline,290,u-0041,4.439300000
2,baseline,291,u-0182,3.987600000
2,baseline,292,u-0146,4.087500000
2,baseline,293,u-0844,4.010900000
2,baseline,294,u-0014,3.876600000
2,baseline,295,u-0182,4.556200000
2,baseline,296,u-0213,4.997400000
2,baseline,297,u-0933,8.746000000
2,baseline,298,u-0520,5.639300000
2,baseline,299,u-0186,6.161200000
3,baseline,0,u-0277,4.708200000
3,baseline,1,u-0958,3.992700000
3,baseline,2,u-0086,3.857100000
3,baseline,3,u-0019,6.409100000
3,baseline,4,u-0865,4.667000000
3,baseline,5,u-0625,4.440400000
3,baseline,6,u-0622,5.452600000
3,baseline,7,u-0330,5.191800000
3,baseline,8,u-0073,4.822800000
3,baseline,9,u-0523,4.486300000
3,baseline,10,u-0075,4.340800000
3,baseline,11,u-0784,5.082800000
3,baseline,12,u-0871,4.109900000
3,baseline,13,u-0811,5.052800000
3,baseline,14,u-0050,5.045300000
3,baseline,15,u-0875,4.440400000
3,baseline,16,u-0820,4.240000000
3,baseline,17,u-0217,4.281500000
3,baseline,18,u-0980,4.350200000
3,baseline,19,u-0327,4.713900000
3,baseline,20,u-0354,4.687000000
3,baseline,21,u-0336,4.656700000
3,baseline,22,u-0597,4.946500000
3,baseline,23,u-0860,4.319500000
3,baseline,24,u-0977,7.135900000
3,baseline,25,u-0551,8.594600000
3,baseline,26,u-0114,4.480400000
3,baseline,27,u-0287,4.509000000
3,baseline,28,u-0988,3.775500000
3,baseline,29,u-0804,4.523400000
3,baseline,30,u-0067,4.667900000
3,baseline,31,u-0809,3.819800000
3,baseline,32,u-0576,4.087600000
3,baseline,33,u-0335,4.029000000
3,baseline,34,u-0378,3.979200000
3,baseline,35,u-0712,3.991600000
3,baseline,36,u-0168,3.829700000
3,baseline,37,u-0337,4.052100000
3,baseline,38,u-0705,7.250300000
3,baseline,39,u-0185,5.782200000
3,baseline,40,u-0088,4.734100000
3,baseline,41,u-0585,4.717100000
3,baseline,42,u-0322,5.310800000
3,baseline,43,u-0476,4.445500000
3,baseline,44,u-0663,4.420800000
3,baseline,45,u-0899,4.724000000
3,baseline,46,u-0162,4.300000000
3,baseline,47,u-0314,4.479600000
3,baseline,48,u-0247,4.232200000
3,baseline,49,u-0373,5.452500000
3,baseline,50,u-0692,6.193700000
3,baseline,51,u-0367,4.250400000
3,baseline,52,u-0460,7.018500000
3,baseline,53,u-0692,6.829800000
3,baseline,54,u-0180,6.382600000
3,baseline,55,u-0069,6.406500000
3,baseline,56,u-0127,6.293400000
3,baseline,57,u-0145,6.670800000
3,baseline,58,u-0965,4.356500000
3,baseline,59,u-0745,4.470300000
3,baseline,60,u-0058,4.097800000
3,baseline,61,u-0628,4.112600000
3,baseline,62,u-0345,4.112600000
3,baseline,63,u-0089,6.045700000
3,baseline,64,u-0704,4.784400000
3,baseline,65,u-0903,5.304300000
3,baseline,66,u-0475,4.429500000
3,baseline,67,u-0148,4.066900000
3,baseline,68,u-0536,4.170300000
3,baseline,69,u-0819,3.897600000
3,baseline,70,u-0507,4.121100000
3,baseline,71,u-0404,4.133800000
3,baseline,72,u-0292,3.927000000
3,baseline,73,u-0080,3.814400000
3,baseline,74,u-0577,4.098100000
3,baseline,75,u-0186,3.863900000
3,baseline,76,u-0749,3.967600000
3,baseline,77,u-0070,7.214700000
3,baseline,78,u-0874,7.563100000
3,baseline,79,u-0083,4.027700000
3,baseline,80,u-0884,3.971900000
3,baseline,81,u-0865,3.916500000
3,baseline,82,u-0203,3.953500000
3,baseline,83,u-0239,3.926800000
3,baseline,84,u-0426,4.064000000
3,baseline,85,u-0236,3.902900000
3,baseline,86,u-0451,4.082300000
3,baseline,87,u-0190,3.905600000
3,baseline,88,u-0201,3.937000000
3,baseline,89,u-0662,3.963900000
3,baseline,90,u-0899,3.794100000
3,baseline,91,u-0840,3.841200000
3,baseline,92,u-0226,3.874700000
3,baseline,93,u-0450,4.059600000
3,baseline,94,u-0993,3.909500000
3,baseline,95,u-0859,4.091000000
3,baseline,96,u-0833,4.150600000
3,baseline,97,u-0193,4.038400000
3,baseline,98,u-0073,3.818200000
3,baseline,99,u-0821,3.907800000
3,baseline,100,u-0912,3.805100000
3,baseline,101,u-0356,5.231800000
3,baseline,102,u-0321,6.450800000
3,baseline,103,u-0928,4.307800000
3,baseline,104,u-0679,4.371200000
3,baseline,105,u-0583,4.496400000
3,baseline,106,u-0939,4.280000000
3,baseline,107,u-0022,6.629000000
3,baseline,108,u-0735,4.681200000
3,baseline,109,u-0794,4.784700000
3,baseline,110,u-0937,4.090300000
3,baseline,111,u-0534,6.591400000
3,baseline,112,u-0186,8.104900000
3,baseline,113,u-0692,6.608800000
3,baseline,114,u-0530,4.704300000
3,baseline,115,u-0046,5.325900000
3,baseline,116,u-0851,4.813400000
3,baseline,117,u-0076,4.627900000
3,baseline,118,u-0258,4.544200000
3,baseline,119,u-0432,4.786200000
3,baseline,120,u-0685,4.322800000
3,baseline,121,u-0255,4.150200000
3,baseline,122,u-0257,4.419800000
3,baseline,123,u-0355,5.150700000
3,baseline,124,u-0879,3.835100000
3,baseline,125,u-0712,3.933500000
3,baseline,126,u-0618,4.325000000
3,baseline,127,u-0348,4.671800000
3,baseline,128,u-0108,4.235700000
3,baseline,129,u-0821,4.304800000
3,baseline,130,u-0340,8.561900000
3,baseline,131,u-0536,4.556400000
3,baseline,132,u-0676,4.013700000
3,baseline,133,u-0916,3.778100000
3,baseline,134,u-0690,3.993900000
3,baseline,135,u-0306,3.921400000
3,baseline,136,u-0862,3.822100000
3,baseline,137,u-0591,4.057500000
3,baseline,138,u-0724,3.956700000
3,baseline,139,u-0940,3.903500000
3,baseline,140,u-0889,3.905700000
3,baseline,141,u-0792,5.293600000
3,baseline,142,u-0263,5.644000000
3,baseline,143,u-0122,5.138600000
3,baseline,144,u-0086,5.035100000
3,baseline,145,u-0930,3.941700000
3,baseline,146,u-0474,4.805200000
3,baseline,147,u-0175,3.981700000
3,baseline,148,u-0589,4.178500000
3,baseline,149,u-0958,3.825900000
3,baseline,150,u-0177,3.940300000
3,baseline,151,u-0289,4.840500000
3,baseline,152,u-0850,4.429900000
3,baseline,153,u-0369,4.299200000
3,baseline,154,u-0139,4.243500000
3,baseline,155,u-0853,4.849100000
3,baseline,156,u-0859,4.098300000
3,baseline,157,u-0050,4.027500000
3,baseline,158,u-0716,4.115900000
3,baseline,159,u-0758,3.934300000
3,baseline,160,u-0368,3.969900000
3,baseline,161,u-0016,3.684400000
3,baseline,162,u-0234,4.733900000
3,baseline,163,u-0271,3.942100000
3,baseline,164,u-0319,7.277500000
3,baseline,165,u-0238,5.557300000
3,baseline,166,u-0304,4.511500000
3,baseline,167,u-0813,4.206200000
3,baseline,168,u-0124,3.842400000
3,baseline,169,u-0649,4.215700000
3,baseline,170,u-0429,4.457000000
3,baseline,171,u-0771,3.932200000
3,baseline,172,u-0344,4.972800000
3,baseline,173,u-0295,3.811700000
3,baseline,174,u-0034,3.578600000
3,baseline,175,u-0180,4.316700000
3,baseline,176,u-0273,5.885200000
3,baseline,177,u-0101,4.154400000
3,baseline,178,u-0899,3.841000000
3,baseline,179,u-0386,4.192500000
3,baseline,180,u-0783,3.982900000
3,baseline,181,u-0847,3.785000000
3,baseline,182,u-0534,5.764900000
3,baseline,183,u-0138,3.951700000
3,baseline,184,u-0112,3.836500000
3,baseline,185,u-0762,3.937700000
3,baseline,186,u-0529,4.089400000
3,baseline,187,u-0842,3.845000000
3,baseline,188,u-0161,3.880600000
3,baseline,189,u-0012,3.739900000
3,baseline,190,u-0935,3.667000000
3,baseline,191,u-0243,3.918400000
3,baseline,192,u-0015,3.704000000
3,baseline,193,u-0358,3.832300000
3,baseline,194,u-0836,3.714300000
3,baseline,195,u-0838,3.789400000
3,baseline,196,u-0941,3.677000000
3,baseline,197,u-0026,3.654400000
3,baseline,198,u-0621,4.119100000
3,baseline,199,u-0052,4.450400000
3,baseline,200,u-0350,5.838600000
3,baseline,201,u-0333,4.133000000
3,baseline,202,u-0400,4.378100000
3,baseline,203,u-0538,4.110400000
3,baseline,204,u-0892,3.742800000
3,baseline,205,u-0794,3.738100000
3,baseline,206,u-0329,4.490800000
3,baseline,207,u-0752,3.999100000
3,baseline,208,u-0728,3.819100000
3,baseline,209,u-0147,3.849000000
3,baseline,210,u-0238,3.978400000
3,baseline,211,u-0606,5.969300000
3,baseline,212,u-0702,3.974300000
3,baseline,213,u-0403,4.112800000
3,baseline,214,u-0329,4.302000000
3,baseline,215,u-0596,4.164800000
3,baseline,216,u-0929,3.671500000
3,baseline,217,u-0904,9.814600000
3,baseline,218,u-0946,5.842400000
3,baseline,219,u-0639,6.147200000
3,baseline,220,u-0269,5.592300000
3,baseline,221,u-0799,4.054200000
3,baseline,222,u-0382,4.073900000
3,baseline,223,u-0419,4.147600000
3,baseline,224,u-0784,4.124000000
3,baseline,225,u-0836,4.368400000
3,baseline,226,u-0811,3.844900000
3,baseline,227,u-0285,3.926600000
3,baseline,228,u-0463,4.007900000
3,baseline,229,u-0098,3.687900000
3,baseline,230,u-0640,4.068600000
3,baseline,231,u-0254,3.858500000
3,baseline,232,u-0282,3.722900000
3,baseline,233,u-0924,3.721800000
3,baseline,234,u-0665,3.995700000
3,baseline,235,u-0541,4.316300000
3,baseline,236,u-0153,3.789400000
3,baseline,237,u-0189,3.712900000
3,baseline,238,u-0174,5.315000000
3,baseline,239,u-0546,4.080700000
3,baseline,240,u-0603,3.816500000
3,baseline,241,u-0250,4.996100000
3,baseline,242,u-0673,3.900300000
3,baseline,243,u-0305,3.785300000
3,baseline,244,u-0143,3.800900000
3,baseline,245,u-0487,3.962400000
3,baseline,246,u-0461,3.841400000
3,baseline,247,u-0726,3.886700000
3,baseline,248,u-0700,3.808200000
3,baseline,249,u-0895,3.845500000
3,baseline,250,u-0847,3.891900000
3,baseline,251,u-0258,3.760200000
3,baseline,252,u-0160,3.606300000
3,baseline,253,u-0372,4.049700000
3,baseline,254,u-0229,3.726000000
3,baseline,255,u-0459,3.843800000
3,baseline,256,u-0218,3.870200000
3,baseline,257,u-0785,3.859600000
3,baseline,258,u-0302,3.818600000
3,baseline,259,u-0120,3.669700000
3,baseline,260,u-0937,3.714500000
3,baseline,261,u-0664,3.964200000
3,baseline,262,u-0454,3.994500000
3,baseline,263,u-0531,3.912000000
3,baseline,264,u-0679,3.810900000
3,baseline,265,u-0576,4.175300000
3,baseline,266,u-0881,3.799100000
3,baseline,267,u-0594,3.917900000
3,baseline,268,u-0742,3.852900000
3,baseline,269,u-0602,4.836100000
3,baseline,270,u-0812,4.205800000
3,baseline,271,u-0648,4.157400000
3,baseline,272,u-0260,3.910900000
3,baseline,273,u-0215,3.791700000
3,baseline,274,u-0416,4.027900000
3,baseline,275,u-0056,3.678000000
3,baseline,276,u-0806,3.738300000
3,baseline,277,u-0165,3.829000000
3,baseline,278,u-0807,3.802800000
3,baseline,279,u-0842,3.746500000
3,baseline,280,u-0948,3.925000000
3,baseline,281,u-0294,5.903000000
3,baseline,282,u-0241,3.936200000
3,baseline,283,u-0026,4.263000000
3,baseline,284,u-0665,5.518900000
3,baseline,285,u-0506,4.059200000
3,baseline,286,u-0358,3.967200000
3,baseline,287,u-0955,4.467100000
3,baseline,288,u-0482,4.205900000
3,baseline,289,u-0264,3.861200000
3,baseline,290,u-0041,3.543900000
3,baseline,291,u-0182,3.859200000
3,baseline,292,u-0146,3.822100000
3,baseline,293,u-0844,3.730500000
3,baseline,294,u-0014,3.735200000
3,baseline,295,u-0182,3.875700000
3,baseline,296,u-0213,3.889800000
3,baseline,297,u-0933,3.828000000
3,baseline,298,u-0520,4.240600000
3,baseline,299,u-0186,4.378500000
3,indexed,0,u-0277,0.072800000
3,indexed,1,u-0958,0.074100000
3,indexed,2,u-0086,0.085000000
3,indexed,3,u-0019,0.072400000
3,indexed,4,u-0865,0.072100000
3,indexed,5,u-0625,0.068300000
3,indexed,6,u-0622,0.069100000
3,indexed,7,u-0330,0.068100000
3,indexed,8,u-0073,0.068400000
3,indexed,9,u-0523,0.097100000
3,indexed,10,u-0075,0.072900000
3,indexed,11,u-0784,0.067700000
3,indexed,12,u-0871,0.068800000
3,indexed,13,u-0811,0.068200000
3,indexed,14,u-0050,0.079600000
3,indexed,15,u-0875,0.076400000
3,indexed,16,u-0820,0.068500000
3,indexed,17,u-0217,0.069400000
3,indexed,18,u-0980,0.068200000
3,indexed,19,u-0327,0.074300000
3,indexed,20,u-0354,0.068200000
3,indexed,21,u-0336,0.068200000
3,indexed,22,u-0597,0.068500000
3,indexed,23,u-0860,0.067000000
3,indexed,24,u-0977,0.067800000
3,indexed,25,u-0551,0.068400000
3,indexed,26,u-0114,0.068500000
3,indexed,27,u-0287,0.067600000
3,indexed,28,u-0988,0.067300000
3,indexed,29,u-0804,0.067000000
3,indexed,30,u-0067,0.250700000
3,indexed,31,u-0809,0.073000000
3,indexed,32,u-0576,0.069600000
3,indexed,33,u-0335,0.073200000
3,indexed,34,u-0378,0.075000000
3,indexed,35,u-0712,0.073800000
3,indexed,36,u-0168,0.071200000
3,indexed,37,u-0337,0.070400000
3,indexed,38,u-0705,0.067000000
3,indexed,39,u-0185,0.071000000
3,indexed,40,u-0088,0.070100000
3,indexed,41,u-0585,0.079000000
3,indexed,42,u-0322,0.076500000
3,indexed,43,u-0476,0.082600000
3,indexed,44,u-0663,0.067400000
3,indexed,45,u-0899,0.066000000
3,indexed,46,u-0162,0.071400000
3,indexed,47,u-0314,0.071800000
3,indexed,48,u-0247,0.071000000
3,indexed,49,u-0373,0.069100000
3,indexed,50,u-0692,0.068800000
3,indexed,51,u-0367,0.071500000
3,indexed,52,u-0460,0.085300000
3,indexed,53,u-0692,0.071600000
3,indexed,54,u-0180,0.083200000
3,indexed,55,u-0069,0.081400000
3,indexed,56,u-0127,0.073600000
3,indexed,57,u-0145,0.070900000
3,indexed,58,u-0965,0.071700000
3,indexed,59,u-0745,0.068200000
3,indexed,60,u-0058,0.068900000
3,indexed,61,u-0628,0.068600000
3,indexed,62,u-0345,0.069100000
3,indexed,63,u-0089,0.070400000
3,indexed,64,u-0704,0.070800000
3,indexed,65,u-0903,0.068900000
3,indexed,66,u-0475,0.081200000
3,indexed,67,u-0148,0.074100000
3,indexed,68,u-0536,0.080100000
3,indexed,69,u-0819,0.068400000
3,indexed,70,u-0507,0.066900000
3,indexed,71,u-0404,0.069900000
3,indexed,72,u-0292,0.076100000
3,indexed,73,u-0080,0.072200000
3,indexed,74,u-0577,0.067300000
3,indexed,75,u-0186,0.072600000
3,indexed,76,u-0749,0.067000000
3,indexed,77,u-0070,0.078400000
3,indexed,78,u-0874,0.068500000
3,indexed,79,u-0083,0.070200000
3,indexed,80,u-0884,0.081400000
3,indexed,81,u-0865,0.065100000
3,indexed,82,u-0203,0.265600000
3,indexed,83,u-0239,0.103200000
3,indexed,84,u-0426,0.095200000
3,indexed,85,u-0236,0.090100000
3,indexed,86,u-0451,0.124000000
3,indexed,87,u-0190,0.072500000
3,indexed,88,u-0201,0.126000000
3,indexed,89,u-0662,0.087400000
3,indexed,90,u-0899,0.070500000
3,indexed,91,u-0840,0.073800000
3,indexed,92,u-0226,0.074600000
3,indexed,93,u-0450,0.069100000
3,indexed,94,u-0993,0.073700000
3,indexed,95,u-0859,0.149400000
3,indexed,96,u-0833,0.069000000
3,indexed,97,u-0193,0.073800000
3,indexed,98,u-0073,0.068200000
3,indexed,99,u-0821,0.070300000
3,indexed,100,u-0912,0.083200000
3,indexed,101,u-0356,0.088800000
3,indexed,102,u-0321,0.068700000
3,indexed,103,u-0928,0.070200000
3,indexed,104,u-0679,0.068800000
3,indexed,105,u-0583,0.068700000
3,indexed,106,u-0939,0.069400000
3,indexed,107,u-0022,0.073900000
3,indexed,108,u-0735,0.145600000
3,indexed,109,u-0794,0.070100000
3,indexed,110,u-0937,0.071400000
3,indexed,111,u-0534,0.072200000
3,indexed,112,u-0186,0.077700000
3,indexed,113,u-0692,0.068700000
3,indexed,114,u-0530,0.069700000
3,indexed,115,u-0046,0.138800000
3,indexed,116,u-0851,0.071200000
3,indexed,117,u-0076,0.070800000
3,indexed,118,u-0258,0.078100000
3,indexed,119,u-0432,0.076400000
3,indexed,120,u-0685,0.071400000
3,indexed,121,u-0255,0.072800000
3,indexed,122,u-0257,0.068600000
3,indexed,123,u-0355,0.067200000
3,indexed,124,u-0879,0.068100000
3,indexed,125,u-0712,0.070500000
3,indexed,126,u-0618,0.081200000
3,indexed,127,u-0348,0.073600000
3,indexed,128,u-0108,0.075300000
3,indexed,129,u-0821,0.071300000
3,indexed,130,u-0340,0.071700000
3,indexed,131,u-0536,0.067700000
3,indexed,132,u-0676,0.069300000
3,indexed,133,u-0916,0.067900000
3,indexed,134,u-0690,0.070500000
3,indexed,135,u-0306,0.079000000
3,indexed,136,u-0862,0.068600000
3,indexed,137,u-0591,0.086000000
3,indexed,138,u-0724,0.069700000
3,indexed,139,u-0940,0.071800000
3,indexed,140,u-0889,0.068400000
3,indexed,141,u-0792,0.069500000
3,indexed,142,u-0263,0.070500000
3,indexed,143,u-0122,0.080000000
3,indexed,144,u-0086,0.078000000
3,indexed,145,u-0930,0.071200000
3,indexed,146,u-0474,0.076500000
3,indexed,147,u-0175,0.078300000
3,indexed,148,u-0589,0.070600000
3,indexed,149,u-0958,0.090100000
3,indexed,150,u-0177,0.071500000
3,indexed,151,u-0289,0.073900000
3,indexed,152,u-0850,0.068100000
3,indexed,153,u-0369,0.078300000
3,indexed,154,u-0139,0.073000000
3,indexed,155,u-0853,0.068100000
3,indexed,156,u-0859,0.068600000
3,indexed,157,u-0050,0.068100000
3,indexed,158,u-0716,0.068300000
3,indexed,159,u-0758,0.068000000
3,indexed,160,u-0368,0.066500000
3,indexed,161,u-0016,0.072800000
3,indexed,162,u-0234,0.071700000
3,indexed,163,u-0271,0.072900000
3,indexed,164,u-0319,0.072700000
3,indexed,165,u-0238,0.071300000
3,indexed,166,u-0304,0.075600000
3,indexed,167,u-0813,0.069200000
3,indexed,168,u-0124,0.072600000
3,indexed,169,u-0649,0.070500000
3,indexed,170,u-0429,0.075600000
3,indexed,171,u-0771,0.069200000
3,indexed,172,u-0344,0.071700000
3,indexed,173,u-0295,0.069900000
3,indexed,174,u-0034,0.070200000
3,indexed,175,u-0180,0.068200000
3,indexed,176,u-0273,0.075300000
3,indexed,177,u-0101,0.071100000
3,indexed,178,u-0899,0.078100000
3,indexed,179,u-0386,0.072600000
3,indexed,180,u-0783,0.068300000
3,indexed,181,u-0847,0.152000000
3,indexed,182,u-0534,0.086500000
3,indexed,183,u-0138,0.083000000
3,indexed,184,u-0112,0.078500000
3,indexed,185,u-0762,0.069700000
3,indexed,186,u-0529,0.071000000
3,indexed,187,u-0842,0.069700000
3,indexed,188,u-0161,0.071400000
3,indexed,189,u-0012,0.073700000
3,indexed,190,u-0935,0.072000000
3,indexed,191,u-0243,0.071100000
3,indexed,192,u-0015,0.069400000
3,indexed,193,u-0358,0.073200000
3,indexed,194,u-0836,0.069100000
3,indexed,195,u-0838,0.072000000
3,indexed,196,u-0941,0.070400000
3,indexed,197,u-0026,0.078200000
3,indexed,198,u-0621,0.069100000
3,indexed,199,u-0052,0.072900000
3,indexed,200,u-0350,0.074700000
3,indexed,201,u-0333,0.071700000
3,indexed,202,u-0400,0.073100000
3,indexed,203,u-0538,0.072700000
3,indexed,204,u-0892,0.072700000
3,indexed,205,u-0794,0.069200000
3,indexed,206,u-0329,0.070700000
3,indexed,207,u-0752,0.076400000
3,indexed,208,u-0728,0.068300000
3,indexed,209,u-0147,0.068300000
3,indexed,210,u-0238,0.068400000
3,indexed,211,u-0606,0.069400000
3,indexed,212,u-0702,0.069700000
3,indexed,213,u-0403,0.070300000
3,indexed,214,u-0329,0.068200000
3,indexed,215,u-0596,0.068000000
3,indexed,216,u-0929,0.068100000
3,indexed,217,u-0904,0.068600000
3,indexed,218,u-0946,0.070500000
3,indexed,219,u-0639,0.081300000
3,indexed,220,u-0269,0.072700000
3,indexed,221,u-0799,0.080200000
3,indexed,222,u-0382,0.074300000
3,indexed,223,u-0419,0.075500000
3,indexed,224,u-0784,0.068400000
3,indexed,225,u-0836,0.068300000
3,indexed,226,u-0811,0.068600000
3,indexed,227,u-0285,0.071600000
3,indexed,228,u-0463,0.072700000
3,indexed,229,u-0098,0.073800000
3,indexed,230,u-0640,0.067700000
3,indexed,231,u-0254,0.075200000
3,indexed,232,u-0282,0.072000000
3,indexed,233,u-0924,0.069900000
3,indexed,234,u-0665,0.068900000
3,indexed,235,u-0541,0.067700000
3,indexed,236,u-0153,0.071300000
3,indexed,237,u-0189,0.072800000
3,indexed,238,u-0174,0.071900000
3,indexed,239,u-0546,0.068000000
3,indexed,240,u-0603,0.068100000
3,indexed,241,u-0250,0.071100000
3,indexed,242,u-0673,0.071200000
3,indexed,243,u-0305,0.067600000
3,indexed,244,u-0143,0.072200000
3,indexed,245,u-0487,0.069000000
3,indexed,246,u-0461,0.066200000
3,indexed,247,u-0726,0.072400000
3,indexed,248,u-0700,0.068000000
3,indexed,249,u-0895,0.070900000
3,indexed,250,u-0847,0.070700000
3,indexed,251,u-0258,0.074800000
3,indexed,252,u-0160,0.069500000
3,indexed,253,u-0372,0.071500000
3,indexed,254,u-0229,0.070700000
3,indexed,255,u-0459,0.106100000
3,indexed,256,u-0218,0.079200000
3,indexed,257,u-0785,0.073300000
3,indexed,258,u-0302,0.072000000
3,indexed,259,u-0120,0.079700000
3,indexed,260,u-0937,0.083100000
3,indexed,261,u-0664,0.072600000
3,indexed,262,u-0454,0.075400000
3,indexed,263,u-0531,0.071400000
3,indexed,264,u-0679,0.082600000
3,indexed,265,u-0576,0.071300000
3,indexed,266,u-0881,0.071600000
3,indexed,267,u-0594,0.069500000
3,indexed,268,u-0742,0.086600000
3,indexed,269,u-0602,0.072800000
3,indexed,270,u-0812,0.068700000
3,indexed,271,u-0648,0.070000000
3,indexed,272,u-0260,0.076500000
3,indexed,273,u-0215,0.071800000
3,indexed,274,u-0416,0.082000000
3,indexed,275,u-0056,0.140500000
3,indexed,276,u-0806,0.072900000
3,indexed,277,u-0165,0.075000000
3,indexed,278,u-0807,0.076700000
3,indexed,279,u-0842,0.070100000
3,indexed,280,u-0948,0.135100000
3,indexed,281,u-0294,0.076600000
3,indexed,282,u-0241,0.125800000
3,indexed,283,u-0026,0.075200000
3,indexed,284,u-0665,0.070900000
3,indexed,285,u-0506,0.068800000
3,indexed,286,u-0358,0.069100000
3,indexed,287,u-0955,0.071400000
3,indexed,288,u-0482,0.069300000
3,indexed,289,u-0264,0.076000000
3,indexed,290,u-0041,0.075000000
3,indexed,291,u-0182,0.080200000
3,indexed,292,u-0146,0.074000000
3,indexed,293,u-0844,0.072700000
3,indexed,294,u-0014,0.071700000
3,indexed,295,u-0182,0.069800000
3,indexed,296,u-0213,0.074600000
3,indexed,297,u-0933,0.072100000
3,indexed,298,u-0520,0.070800000
3,indexed,299,u-0186,0.070200000
